Date,Country,Commodities
Nov-26-21,"Dubai,UnitedArabEmirates",Bbq Charcoal
Nov-25-21,"Doha,Qatar,Qatar",Sawdust Charcoal
Nov-22-21,UnitedArabEmirates,Charcoal
Nov-22-21,UnitedKingdom,Charcoal
Nov-19-21,Qatar,Charcoal
Nov-25-21,Spain,Coconut Shell Charcoal
Nov-24-21,Indonesia,Palm Kernel Shell Charcoal
Nov-17-21,Spain,Charcoal
Nov-17-21,"Sharjah,UnitedArabEmirates",Charcoal
Nov-15-21,"UnitedArabEmirates,UnitedArabEmirates",Charcoal
Nov-10-21,Bulgaria,Charcoal
Nov-10-21,Israel,Charcoal
Nov-05-21,"Germany,Germany",Charcoal
Nov-24-21,UnitedStates,Coconut Shell Charcoal
Oct-26-21,"Dubai,UnitedArabEmirates",Wood Charcoal And Bbq Charcoal
Nov-19-21,Poland,Hardwood Charcoal Dust
Nov-19-21,SaudiArabia,Wood Charcoal
Nov-23-21,Kuwait,Wood Charcoal
Nov-22-21,"Buraidah,Gassim,SaudiArabia",Coconut Charcoal Briquette
Nov-19-21,"JuncarilPeligros,Granada,Spain",Coconut Charcoal Briquettes
Nov-15-21,Norway,Charcoal Powder
Nov-12-21,Malta,Charcoal Lumps
Nov-12-21,Oman,Bbq Charcoal
Nov-12-21,Turkey,Shisha Charcoal
Nov-09-21,India,Shisha Charcoal
Nov-03-21,Cyprus,Briquette Charcoal
Oct-29-21,Egypt,Activated Rose Charcoal
Oct-28-21,UnitedKingdom,Coconut Shisha Charcoal
Oct-28-21,Latvia,Oak Charcoal
Oct-28-21,Greece,Bbq Charcoal
Oct-27-21,Kuwait,Beech Charcoal
Oct-25-21,Ukraine,Charcoal
Oct-19-21,UnitedArabEmirates,Charcoal
Oct-13-21,UnitedArabEmirates,Charcoal
Oct-12-21,Qatar,Charcoal
Oct-11-21,Jordan,Charcoal
Sep-30-21,Belgium,Charcoal
Sep-30-21,Jordan,Charcoal
Sep-29-21,SaudiArabia,Charcoal
Sep-29-21,"Bedford,NotSpecified,UnitedKingdom",Charcoal
Sep-02-21,"Athens,Attiki,Greece",Charcoal
Sep-01-21,Qatar,Charcoal
Nov-17-21,UnitedArabEmirates,Coconut Shell Charcoal
Nov-12-21,"Surabaya,EastJava,Indonesia",Shisha Briquette Charcoal
Nov-08-21,UnitedArabEmirates,Hardwood Charcoal
Nov-08-21,Lebanon,Bamboo Natural Charcoal
Nov-02-21,Kuwait,Charcoal Briquette
Nov-01-21,Spain,Coconut Charcoal Briquette
Nov-01-21,"Jeddah,Makkah,SaudiArabia",Sawdust Briquette Charcoal
Oct-27-21,Israel,Hardwood Charcoal
Oct-07-21,Indonesia,Charcoal
Oct-27-21,"Amsterdam,Netherlands",Bbq Briquette Charcoal
Nov-17-21,Canada,Hardwood Charcoal
Nov-10-21,"Qatar,Qatar",Hardwood Charcoal
Nov-09-21,"London,London,UnitedKingdom",Hardwood Charcoal
Nov-09-21,Oman,Wood Charcoal
Nov-16-21,"Kyiv,Indonesia",Coconut Charcoal Shell
Oct-27-21,Jordan,Coconut Shell Charcoal
Oct-27-21,"AlBustan,Ajman,UnitedArabEmirates",Coconut Shell Charcoal
Oct-12-21,Turkey,Sawdust Charcoal
Oct-06-21,India,Palm Shell Charcoal
Oct-05-21,Italy,Yutastick Charcoal Powder
Sep-28-21,SaudiArabia,Natural Charcoal
Sep-23-21,UnitedArabEmirates,Bbq Charcoal
Sep-22-21,Qatar,Bbq Charcoal
Sep-22-21,UnitedArabEmirates,Hookah Shisha Charcoal
Sep-20-21,"BistritaNasaud,Romania",Brown Charcoal Bricks
Sep-17-21,Jordan,Hookah Charcoal
Sep-14-21,"Abha,SaudiArabia",Activated Charcoal Powder
Sep-14-21,Australia,Bbq Charcoal
Sep-09-21,SriLanka,Shisha Charcoal
Sep-08-21,"Mississauga,Ontario,Canada",Lump Charcoal And Briquette
Sep-02-21,Sweden,Briquette Shisha Charcoal
Sep-01-21,Australia,Bbq Charcoal
Aug-31-21,UnitedArabEmirates,Malaysian Shisha Charcoal
Sep-01-21,India,Wooden Charcoal And Hardwood Briquette Charcoal
Oct-18-21,Jordan,Hardwood Briquettes Charcoal
Oct-14-21,Australia,Hardwood Charcoal
Sep-30-21,"Nablus,Palestine,Palestine",Bbq Hardwood Charcoal
Sep-30-21,India,Hardwood Charcoal
Sep-29-21,UnitedKingdom,Hardwood Charcoal
Sep-23-21,"Oman,Oman",Sawdust Charcoal
Sep-14-21,Qatar,Hardwood Charcoal
Sep-13-21,Germany,Coconut Charcoal
Sep-09-21,Greece,Wood Charcoal
Sep-02-21,Cyprus,Wood Charcoal
Oct-26-21,UnitedArabEmirates,Wood Charcoal
Oct-21-21,SaudiArabia,Wood Charcoal
Oct-21-21,Romania,Wood Charcoal
Oct-19-21,Spain,Eucalyptus Wood Charcoal
Oct-11-21,Turkey,Coconut Shell Charcoal
Oct-06-21,Netherlands,Briquette Sawdust Charcoal
Oct-06-21,Jordan,Coconut Shell Charcoal
Oct-04-21,Thailand,Coconut Shell Charcoal
Sep-29-21,India,Coconut Shell Charcoal
Sep-28-21,Mexico,Coconut Shell Charcoal
Sep-15-21,Jordan,Coconut Charcoal
Aug-31-21,SaudiArabia,Natural Coconut Charcoal
Oct-25-21,SaudiArabia,African Hard Wood Charcoal
Sep-22-21,UnitedStates,Barbeque And Hookah Wood Charcoal
Sep-16-21,Jordan,Coconut Charcoal Production Machine
Nov-15-21,"Sohar,Oman",Charcoal Extruder Machine
Oct-28-21,"MetroManila,Philippines",Charcoal Bbq Grill
Oct-04-21,Thailand,Charcoal Bags
Nov-25-21,India,Charcoal Bags
Nov-24-21,UnitedStates,Charcoal Bags
Nov-26-21,Mexico,Charcoal Bags
Sep-15-21,Bahrain,Kraft Paper Bag For Barbecue Charcoal
Nov-25-21,India,Kraft Paper Bag For Barbecue Charcoal
Nov-25-21,India,Kraft Paper Bag For Barbecue Charcoal
Nov-25-21,"Cilacap,Indonesia",Kraft Paper Bag For Barbecue Charcoal
Nov-23-21,Albania,Kraft Paper Bag For Barbecue Charcoal
Nov-25-21,Philippines,Kraft Paper Bag For Barbecue Charcoal
Nov-26-21,"Sleman,Indonesia",Kraft Paper Bag For Barbecue Charcoal
Nov-24-21,"Sorong,Papua,Indonesia",Kraft Paper Bag For Barbecue Charcoal
Sep-24-21,Norway,Genuine Binchotan Charcoal For Water Purification Or Water Filter
Nov-22-21,"JakartaSelatan,DKIJakarta,Indonesia",Genuine Binchotan Charcoal For Water Purification Or Water Filter
Nov-22-21,"Gunungkidul,Yogyakarta,Indonesia",Genuine Binchotan Charcoal For Water Purification Or Water Filter
Nov-19-21,Qatar,Genuine Binchotan Charcoal For Water Purification Or Water Filter
Nov-16-21,"sharjah,UnitedArabEmirates",Genuine Binchotan Charcoal For Water Purification Or Water Filter
Nov-16-21,"Purbalingga,JawaTengah,Indonesia",Genuine Binchotan Charcoal For Water Purification Or Water Filter
Nov-12-21,Oman,Genuine Binchotan Charcoal For Water Purification Or Water Filter
Nov-10-21,"Cilegon,Indonesia",Genuine Binchotan Charcoal For Water Purification Or Water Filter
Nov-09-21,"Malang,Eastjava,Indonesia",Genuine Binchotan Charcoal For Water Purification Or Water Filter
Nov-08-21,India,Genuine Binchotan Charcoal For Water Purification Or Water Filter
Nov-06-21,"Jakarta,Indonesia",Genuine Binchotan Charcoal For Water Purification Or Water Filter
Nov-06-21,UnitedStates,Genuine Binchotan Charcoal For Water Purification Or Water Filter
Nov-02-21,"Limassol,Cyprus",Genuine Binchotan Charcoal For Water Purification Or Water Filter
Nov-25-21,"Padang,SumateraBarat,Indonesia",Genuine Binchotan Charcoal For Water Purification Or Water Filter
Nov-24-21,"Doha,Qatar,Qatar",Genuine Binchotan Charcoal For Water Purification Or Water Filter
Nov-24-21,UnitedStates,Genuine Binchotan Charcoal For Water Purification Or Water Filter
Nov-24-21,"Jakarta,Indonesia",Genuine Binchotan Charcoal For Water Purification Or Water Filter
Nov-17-21,Philippines,Genuine Binchotan Charcoal For Water Purification Or Water Filter
Nov-17-21,India,Genuine Binchotan Charcoal For Water Purification Or Water Filter
Nov-16-21,Oman,Genuine Binchotan Charcoal For Water Purification Or Water Filter
Nov-15-21,"Dearborn,Michigan,UnitedStates",Genuine Binchotan Charcoal For Water Purification Or Water Filter
Nov-14-21,UnitedStates,Genuine Binchotan Charcoal For Water Purification Or Water Filter
Nov-10-21,Bulgaria,Genuine Binchotan Charcoal For Water Purification Or Water Filter
Nov-09-21,India,Genuine Binchotan Charcoal For Water Purification Or Water Filter
Nov-07-21,Kuwait,Genuine Binchotan Charcoal For Water Purification Or Water Filter
Nov-06-21,"Chennai,TamilNadu,India",Genuine Binchotan Charcoal For Water Purification Or Water Filter
Nov-06-21,UnitedKingdom,Genuine Binchotan Charcoal For Water Purification Or Water Filter
Nov-03-21,UnitedArabEmirates,Genuine Binchotan Charcoal For Water Purification Or Water Filter
Nov-03-21,UnitedArabEmirates,Genuine Binchotan Charcoal For Water Purification Or Water Filter
Nov-02-21,Kuwait,Genuine Binchotan Charcoal For Water Purification Or Water Filter
Nov-20-21,"Dubai,UnitedArabEmirates",Genuine Binchotan Charcoal For Water Purification Or Water Filter
Aug-19-21,"India,India",Genuine Binchotan Charcoal For Water Purification Or Water Filter
Nov-24-21,"Merida,Yucatan,UnitedStates",Genuine Binchotan Charcoal For Water Purification Or Water Filter
Nov-23-21,"Jakarta,Jakartautara,Indonesia",Genuine Binchotan Charcoal For Water Purification Or Water Filter
Nov-22-21,India,Genuine Binchotan Charcoal For Water Purification Or Water Filter
Nov-22-21,"Malang,Indonesia",Genuine Binchotan Charcoal For Water Purification Or Water Filter
Nov-25-21,"Ciamis,JawaBarat,Indonesia",Genuine Binchotan Charcoal For Water Purification Or Water Filter
Sep-04-21,Australia,Genuine Binchotan Charcoal For Water Purification Or Water Filter
Nov-22-21,UnitedArabEmirates,Genuine Binchotan Charcoal For Water Purification Or Water Filter
Nov-06-21,Latvia,Genuine Binchotan Charcoal For Water Purification Or Water Filter
Nov-06-21,Ukraine,Genuine Binchotan Charcoal For Water Purification Or Water Filter
Nov-06-21,Sweden,Genuine Binchotan Charcoal For Water Purification Or Water Filter
Nov-06-21,"Coimbatore,TamilNadu,India",Genuine Binchotan Charcoal For Water Purification Or Water Filter
Nov-06-21,"Istanbul,Turkey",Genuine Binchotan Charcoal For Water Purification Or Water Filter
Nov-06-21,Canada,Genuine Binchotan Charcoal For Water Purification Or Water Filter
Nov-06-21,"Merauke,Indonesia",Genuine Binchotan Charcoal For Water Purification Or Water Filter
Nov-06-21,"Bekasi,Indonesia,Indonesia",Genuine Binchotan Charcoal For Water Purification Or Water Filter
Nov-06-21,"Surabaya,EastJava,Indonesia",Genuine Binchotan Charcoal For Water Purification Or Water Filter
Nov-06-21,"Toronto,Ontario,Canada",Genuine Binchotan Charcoal For Water Purification Or Water Filter
Nov-06-21,"Ambon,Indonesia,Indonesia",Genuine Binchotan Charcoal For Water Purification Or Water Filter
Nov-06-21,"Ambon,Indonesia",Genuine Binchotan Charcoal For Water Purification Or Water Filter
Oct-05-21,"Bistrita,BistritaNasaud,Romania",Genuine Binchotan Charcoal For Water Purification Or Water Filter
Oct-02-21,"Kuurne,West-Vlaanderen,Belgium",Genuine Binchotan Charcoal For Water Purification Or Water Filter
Oct-02-21,UnitedArabEmirates,Genuine Binchotan Charcoal For Water Purification Or Water Filter
Oct-02-21,SaudiArabia,Genuine Binchotan Charcoal For Water Purification Or Water Filter
Oct-02-21,Lebanon,Genuine Binchotan Charcoal For Water Purification Or Water Filter
Oct-02-21,Pakistan,Genuine Binchotan Charcoal For Water Purification Or Water Filter
Oct-02-21,Colombia,Genuine Binchotan Charcoal For Water Purification Or Water Filter
Oct-02-21,"Adelaide,SouthAustralia,Australia",Genuine Binchotan Charcoal For Water Purification Or Water Filter
Oct-02-21,Iraq,Genuine Binchotan Charcoal For Water Purification Or Water Filter
Oct-02-21,"Dindiguk,Tamilnadu,India",Genuine Binchotan Charcoal For Water Purification Or Water Filter
Oct-02-21,Slovenia,Genuine Binchotan Charcoal For Water Purification Or Water Filter
Oct-02-21,Egypt,Genuine Binchotan Charcoal For Water Purification Or Water Filter
Oct-02-21,"Banyumas,Indonesia,Indonesia",Genuine Binchotan Charcoal For Water Purification Or Water Filter
Oct-02-21,Pakistan,Genuine Binchotan Charcoal For Water Purification Or Water Filter
Sep-29-21,"Jakarta,DKIJakarta,Indonesia",Genuine Binchotan Charcoal For Water Purification Or Water Filter
Sep-04-21,UnitedArabEmirates,Genuine Binchotan Charcoal For Water Purification Or Water Filter
Sep-04-21,UnitedArabEmirates,Genuine Binchotan Charcoal For Water Purification Or Water Filter
Sep-04-21,Cyprus,Genuine Binchotan Charcoal For Water Purification Or Water Filter
Sep-04-21,Philippines,Genuine Binchotan Charcoal For Water Purification Or Water Filter
Sep-04-21,"Homagama,Colombo,SriLanka",Genuine Binchotan Charcoal For Water Purification Or Water Filter
Sep-04-21,UnitedKingdom,Genuine Binchotan Charcoal For Water Purification Or Water Filter
Sep-04-21,"Bristol,UnitedKingdom",Genuine Binchotan Charcoal For Water Purification Or Water Filter
Sep-04-21,UnitedArabEmirates,Genuine Binchotan Charcoal For Water Purification Or Water Filter
Sep-04-21,"Depok,Indonesia",Genuine Binchotan Charcoal For Water Purification Or Water Filter
Sep-04-21,"-Dubai,UnitedArabEmirates",Genuine Binchotan Charcoal For Water Purification Or Water Filter
Sep-04-21,"Malang,Indonesia",Genuine Binchotan Charcoal For Water Purification Or Water Filter
Sep-04-21,"Jakarta,DKIJakarta,Indonesia",Genuine Binchotan Charcoal For Water Purification Or Water Filter
Aug-09-21,"JakartaUtara,KelapaGading,Indonesia",Genuine Binchotan Charcoal For Water Purification Or Water Filter
Jul-31-21,UnitedArabEmirates,Genuine Binchotan Charcoal For Water Purification Or Water Filter
Jul-31-21,Kuwait,Genuine Binchotan Charcoal For Water Purification Or Water Filter
Jul-31-21,Egypt,Genuine Binchotan Charcoal For Water Purification Or Water Filter
Jul-31-21,"JakartaSelatan,DkiJakarta,Indonesia",Genuine Binchotan Charcoal For Water Purification Or Water Filter
Jul-06-21,Ukraine,Genuine Binchotan Charcoal For Water Purification Or Water Filter
Jul-03-21,"KualaLumpur,Malaysia",Genuine Binchotan Charcoal For Water Purification Or Water Filter
Jul-03-21,"Pasuruan,Indonesia",Genuine Binchotan Charcoal For Water Purification Or Water Filter
Jul-03-21,Bahrain,Genuine Binchotan Charcoal For Water Purification Or Water Filter
Jul-03-21,Pakistan,Genuine Binchotan Charcoal For Water Purification Or Water Filter
Jul-03-21,Lebanon,Genuine Binchotan Charcoal For Water Purification Or Water Filter
Jul-03-21,SaudiArabia,Genuine Binchotan Charcoal For Water Purification Or Water Filter
Jul-03-21,"Calicut,Kerala,India",Genuine Binchotan Charcoal For Water Purification Or Water Filter
Jul-03-21,"Mississauga,Ontario,Canada",Genuine Binchotan Charcoal For Water Purification Or Water Filter
Jul-03-21,Kenya,Genuine Binchotan Charcoal For Water Purification Or Water Filter
Jul-03-21,Kuwait,Genuine Binchotan Charcoal For Water Purification Or Water Filter
Jun-05-21,Canada,Genuine Binchotan Charcoal For Water Purification Or Water Filter
Jun-05-21,UnitedStates,Genuine Binchotan Charcoal For Water Purification Or Water Filter
Nov-06-21,Pakistan,Genuine Binchotan Charcoal For Water Purification Or Water Filter
Nov-06-21,UnitedStates,Genuine Binchotan Charcoal For Water Purification Or Water Filter
Nov-06-21,UnitedStates,Genuine Binchotan Charcoal For Water Purification Or Water Filter
Nov-06-21,UnitedArabEmirates,Genuine Binchotan Charcoal For Water Purification Or Water Filter
Nov-06-21,"SanDiego,Ca,UnitedStates",Genuine Binchotan Charcoal For Water Purification Or Water Filter
Nov-06-21,UnitedArabEmirates,Genuine Binchotan Charcoal For Water Purification Or Water Filter
Nov-06-21,India,Genuine Binchotan Charcoal For Water Purification Or Water Filter
Nov-06-21,Pakistan,Genuine Binchotan Charcoal For Water Purification Or Water Filter
Nov-06-21,Italy,Genuine Binchotan Charcoal For Water Purification Or Water Filter
Oct-02-21,UnitedArabEmirates,Genuine Binchotan Charcoal For Water Purification Or Water Filter
Oct-02-21,Lebanon,Genuine Binchotan Charcoal For Water Purification Or Water Filter
Oct-02-21,UnitedArabEmirates,Genuine Binchotan Charcoal For Water Purification Or Water Filter
Oct-02-21,Norway,Genuine Binchotan Charcoal For Water Purification Or Water Filter
Oct-02-21,"Izmir,Karabaglar,Turkey",Genuine Binchotan Charcoal For Water Purification Or Water Filter
Oct-02-21,SriLanka,Genuine Binchotan Charcoal For Water Purification Or Water Filter
Oct-02-21,SaudiArabia,Genuine Binchotan Charcoal For Water Purification Or Water Filter
Oct-02-21,Germany,Genuine Binchotan Charcoal For Water Purification Or Water Filter
Oct-02-21,India,Genuine Binchotan Charcoal For Water Purification Or Water Filter
Oct-02-21,Australia,Genuine Binchotan Charcoal For Water Purification Or Water Filter
Oct-02-21,"Nablus,Palestine",Genuine Binchotan Charcoal For Water Purification Or Water Filter
Oct-02-21,India,Genuine Binchotan Charcoal For Water Purification Or Water Filter
Oct-02-21,UnitedArabEmirates,Genuine Binchotan Charcoal For Water Purification Or Water Filter
Oct-02-21,UnitedArabEmirates,Genuine Binchotan Charcoal For Water Purification Or Water Filter
Sep-04-21,Qatar,Genuine Binchotan Charcoal For Water Purification Or Water Filter
Sep-04-21,Qatar,Genuine Binchotan Charcoal For Water Purification Or Water Filter
Sep-04-21,Greece,Genuine Binchotan Charcoal For Water Purification Or Water Filter
Sep-04-21,UnitedStates,Genuine Binchotan Charcoal For Water Purification Or Water Filter
Sep-04-21,"Milano,Italy",Genuine Binchotan Charcoal For Water Purification Or Water Filter
Sep-04-21,Australia,Genuine Binchotan Charcoal For Water Purification Or Water Filter
Sep-04-21,Belgium,Genuine Binchotan Charcoal For Water Purification Or Water Filter
Sep-04-21,Israel,Genuine Binchotan Charcoal For Water Purification Or Water Filter
Sep-04-21,"Tasikmalaya,Indonesia",Genuine Binchotan Charcoal For Water Purification Or Water Filter
Sep-04-21,Australia,Genuine Binchotan Charcoal For Water Purification Or Water Filter
Aug-07-21,UnitedArabEmirates,Genuine Binchotan Charcoal For Water Purification Or Water Filter
Aug-07-21,Oman,Genuine Binchotan Charcoal For Water Purification Or Water Filter
Aug-02-21,"DepokJawaBarat,PancoranMas,Indonesia",Genuine Binchotan Charcoal For Water Purification Or Water Filter
Jul-31-21,UnitedStates,Genuine Binchotan Charcoal For Water Purification Or Water Filter
Jul-31-21,UnitedStates,Genuine Binchotan Charcoal For Water Purification Or Water Filter
Jul-31-21,"Sarasota,FL,UnitedStates",Genuine Binchotan Charcoal For Water Purification Or Water Filter
Jul-31-21,"Baghdad,AlAmeen,Iraq",Genuine Binchotan Charcoal For Water Purification Or Water Filter
Jul-03-21,UnitedStates,Genuine Binchotan Charcoal For Water Purification Or Water Filter
Jul-03-21,UnitedArabEmirates,Genuine Binchotan Charcoal For Water Purification Or Water Filter
Jul-03-21,India,Genuine Binchotan Charcoal For Water Purification Or Water Filter
Jul-03-21,SaudiArabia,Genuine Binchotan Charcoal For Water Purification Or Water Filter
Jul-03-21,"Tartu,Estonia",Genuine Binchotan Charcoal For Water Purification Or Water Filter
Jul-03-21,"RamatGan,Israel",Genuine Binchotan Charcoal For Water Purification Or Water Filter
Jul-03-21,UnitedStates,Genuine Binchotan Charcoal For Water Purification Or Water Filter
Jul-03-21,Bahrain,Genuine Binchotan Charcoal For Water Purification Or Water Filter
Jul-03-21,Pakistan,Genuine Binchotan Charcoal For Water Purification Or Water Filter
Jul-03-21,India,Genuine Binchotan Charcoal For Water Purification Or Water Filter
Jun-05-21,UnitedStates,Genuine Binchotan Charcoal For Water Purification Or Water Filter
Jun-05-21,India,Genuine Binchotan Charcoal For Water Purification Or Water Filter
Jun-05-21,Bangladesh,Genuine Binchotan Charcoal For Water Purification Or Water Filter
Nov-16-21,Bangladesh,Jute Stick Ash
Nov-17-21,Canada,Jute Stick Ash
Nov-15-21,"Jakarta,Indonesia",Jute Stick Ash
Nov-11-21,Philippines,Jute Stick Ash
Nov-11-21,Philippines,Jute Stick Ash
Nov-11-21,"JakartaSelatan,Jakarta,Indonesia",Jute Stick Ash
Nov-08-21,"Bidbid,Al-Dhahaia,Oman",Jute Stick Ash
Nov-06-21,Canada,Jute Stick Ash
Nov-06-21,Canada,Jute Stick Ash
Nov-06-21,"Tasikmalaya,WestJava,Indonesia",Jute Stick Ash
Nov-06-21,"Banyuwangi,EastJava,Indonesia",Jute Stick Ash
Nov-02-21,"Gianyar,Bali,Indonesia",Jute Stick Ash
Nov-23-21,"Lombok,Indonesia",Jute Stick Ash
Nov-22-21,Cambodia,Jute Stick Ash
Nov-18-21,Philippines,Jute Stick Ash
Nov-10-21,"Manado,Sulawesi,Indonesia",Jute Stick Ash
Nov-06-21,"Amman,Jordan",Jute Stick Ash
Nov-11-21,Turkey,Jute Stick Ash
Oct-04-21,"London,UnitedKingdom",Barbecue Bbq Or Grill Coal
Nov-26-21,"Malang,Indonesia",Barbecue Bbq Or Grill Coal
Nov-19-21,SaudiArabia,Barbecue Bbq Or Grill Coal
Nov-19-21,Poland,Barbecue Bbq Or Grill Coal
Nov-17-21,Spain,Barbecue Bbq Or Grill Coal
Nov-17-21,"Batam,Indonesia",Barbecue Bbq Or Grill Coal
Nov-14-21,"surendranagar,Gujarat,India",Barbecue Bbq Or Grill Coal
Nov-12-21,Philippines,Barbecue Bbq Or Grill Coal
Nov-11-21,Egypt,Barbecue Bbq Or Grill Coal
Nov-11-21,Philippines,Barbecue Bbq Or Grill Coal
Nov-08-21,Pakistan,Barbecue Bbq Or Grill Coal
Nov-08-21,"Sukawati,Gianyar,Indonesia",Barbecue Bbq Or Grill Coal
Nov-07-21,India,Barbecue Bbq Or Grill Coal
Nov-06-21,SaudiArabia,Barbecue Bbq Or Grill Coal
Nov-06-21,Malta,Barbecue Bbq Or Grill Coal
Nov-06-21,"Pulilan,Bulacan,Philippines",Barbecue Bbq Or Grill Coal
Nov-06-21,Japan,Barbecue Bbq Or Grill Coal
Nov-06-21,Kenya,Barbecue Bbq Or Grill Coal
Nov-05-21,Pakistan,Barbecue Bbq Or Grill Coal
Nov-05-21,India,Barbecue Bbq Or Grill Coal
Nov-02-21,Iraq,Barbecue Bbq Or Grill Coal
Jul-31-21,"WestJakarta,Indonesia",Barbecue Bbq Or Grill Coal
Nov-09-21,"Jakarta,Indonesia",Barbecue Bbq Or Grill Coal
Jul-03-21,"surabaya,eastjava,Indonesia",Barbecue Bbq Or Grill Coal
Nov-06-21,SaudiArabia,Barbecue Bbq Or Grill Coal
Nov-06-21,China,Barbecue Bbq Or Grill Coal
Nov-06-21,Spain,Barbecue Bbq Or Grill Coal
Nov-06-21,Kenya,Barbecue Bbq Or Grill Coal
Oct-26-21,"Pontianak,Indonesia",Barbecue Bbq Or Grill Coal
Oct-02-21,"Pontianak,Indonesia",Barbecue Bbq Or Grill Coal
Oct-02-21,"Bekasi,JawaBarat,Indonesia",Barbecue Bbq Or Grill Coal
Oct-02-21,"Tasikmalaya,Indonesia",Barbecue Bbq Or Grill Coal
Sep-04-21,Kenya,Barbecue Bbq Or Grill Coal
Sep-04-21,"Semarang,CentralJava,Indonesia",Barbecue Bbq Or Grill Coal
Sep-04-21,"Jakarta,Indonesia,Indonesia",Barbecue Bbq Or Grill Coal
Aug-22-21,"Ampel,JawaTengah,Indonesia",Barbecue Bbq Or Grill Coal
Jul-31-21,India,Barbecue Bbq Or Grill Coal
Jul-31-21,"Purwakarta,Indonesia,Indonesia",Barbecue Bbq Or Grill Coal
Jul-31-21,"Balaghat,MadhyaPradesh,India",Barbecue Bbq Or Grill Coal
Jul-31-21,Bahrain,Barbecue Bbq Or Grill Coal
Jul-03-21,Kenya,Barbecue Bbq Or Grill Coal
Jul-03-21,India,Barbecue Bbq Or Grill Coal
Jul-03-21,Romania,Barbecue Bbq Or Grill Coal
Jul-03-21,"Kab.Lamongan,Prov.JawaTimur,Indonesia",Barbecue Bbq Or Grill Coal
Jul-03-21,Israel,Barbecue Bbq Or Grill Coal
Jun-05-21,Pakistan,Barbecue Bbq Or Grill Coal
Jul-20-21,Israel,Barbecue Bbq Or Grill Coal
Jun-22-21,"Tangerang,Indonesia",Barbecue Bbq Or Grill Coal
Jun-05-21,Germany,Barbecue Bbq Or Grill Coal
Jun-05-21,"Cumilla,Bangladesh",Barbecue Bbq Or Grill Coal
Jun-05-21,Qatar,Barbecue Bbq Or Grill Coal
May-18-21,"Karur,Tamilnadu,India",Barbecue Bbq Or Grill Coal
May-01-21,Canada,Barbecue Bbq Or Grill Coal
May-01-21,"Depok,Indonesia",Barbecue Bbq Or Grill Coal
May-01-21,Canada,Barbecue Bbq Or Grill Coal
May-01-21,Israel,Barbecue Bbq Or Grill Coal
May-01-21,"KabupatenGarut,JawaBarat,Indonesia",Barbecue Bbq Or Grill Coal
May-01-21,Canada,Barbecue Bbq Or Grill Coal
May-01-21,Philippines,Barbecue Bbq Or Grill Coal
May-01-21,PapuaNewGuinea,Barbecue Bbq Or Grill Coal
Apr-03-21,Japan,Barbecue Bbq Or Grill Coal
Apr-03-21,Canada,Barbecue Bbq Or Grill Coal
Apr-03-21,UnitedKingdom,Barbecue Bbq Or Grill Coal
Apr-03-21,Turkey,Barbecue Bbq Or Grill Coal
Apr-03-21,Netherlands,Barbecue Bbq Or Grill Coal
Apr-03-21,UnitedKingdom,Barbecue Bbq Or Grill Coal
Apr-03-21,Canada,Barbecue Bbq Or Grill Coal
Mar-19-21,"Miami,Florida,UnitedStates",Barbecue Bbq Or Grill Coal
Mar-08-21,Jordan,Barbecue Bbq Or Grill Coal
Mar-06-21,"Medan,NorthSumatra,Indonesia",Barbecue Bbq Or Grill Coal
Mar-06-21,SaudiArabia,Barbecue Bbq Or Grill Coal
Mar-06-21,UnitedStates,Barbecue Bbq Or Grill Coal
Mar-06-21,"Dublin,Ireland",Barbecue Bbq Or Grill Coal
Mar-06-21,"NorthJakarta,Jakarta,Indonesia",Barbecue Bbq Or Grill Coal
Mar-06-21,UnitedArabEmirates,Barbecue Bbq Or Grill Coal
Mar-06-21,China,Barbecue Bbq Or Grill Coal
Mar-06-21,Sweden,Barbecue Bbq Or Grill Coal
Mar-06-21,Canada,Barbecue Bbq Or Grill Coal
Feb-09-21,"Medan,WestSumatra,Indonesia",Barbecue Bbq Or Grill Coal
Feb-06-21,"Ibadan,Nigeria",Barbecue Bbq Or Grill Coal
Feb-06-21,Pakistan,Barbecue Bbq Or Grill Coal
Feb-06-21,UnitedArabEmirates,Barbecue Bbq Or Grill Coal
Feb-06-21,UnitedArabEmirates,Barbecue Bbq Or Grill Coal
Feb-06-21,"Jepara,Indonesia",Barbecue Bbq Or Grill Coal
Feb-06-21,France,Barbecue Bbq Or Grill Coal
Feb-06-21,SriLanka,Barbecue Bbq Or Grill Coal
Feb-06-21,Jordan,Barbecue Bbq Or Grill Coal
Jan-20-21,UnitedKingdom,Barbecue Bbq Or Grill Coal
Jan-02-21,"JalanRadenPamuk,Jambi,Indonesia",Barbecue Bbq Or Grill Coal
Jan-02-21,Australia,Barbecue Bbq Or Grill Coal
Jan-02-21,Kenya,Barbecue Bbq Or Grill Coal
Jan-02-21,"Pati,,Indonesia",Barbecue Bbq Or Grill Coal
Dec-05-20,"Nottingham,Nottinghamshire,UnitedKingdom",Barbecue Bbq Or Grill Coal
Dec-05-20,Australia,Barbecue Bbq Or Grill Coal
Oct-02-21,"Surabaya,EastJava,Indonesia",Barbecue Bbq Or Grill Coal
Oct-09-21,"Cirebon,JawaBarat,Indonesia",Barbecue Bbq Or Grill Coal
Jul-02-21,UnitedArabEmirates,Barbecue Bbq Or Grill Coal
Jun-17-21,Poland,Barbecue Bbq Or Grill Coal
Jun-05-21,SriLanka,Barbecue Bbq Or Grill Coal
Jun-05-21,Pakistan,Barbecue Bbq Or Grill Coal
Jun-05-21,Qatar,Barbecue Bbq Or Grill Coal
Jun-05-21,"Dubai,UnitedArabEmirates",Barbecue Bbq Or Grill Coal
Jun-05-21,Croatia,Barbecue Bbq Or Grill Coal
Jun-05-21,"Teleorman,Bucuresti,Romania",Barbecue Bbq Or Grill Coal
Jun-05-21,Australia,Barbecue Bbq Or Grill Coal
Jun-05-21,"TampleTerrace,FL,UnitedStates",Barbecue Bbq Or Grill Coal
Jun-05-21,Australia,Barbecue Bbq Or Grill Coal
Jun-05-21,UnitedArabEmirates,Barbecue Bbq Or Grill Coal
Jun-05-21,UnitedArabEmirates,Barbecue Bbq Or Grill Coal
Jun-05-21,"Batam,Indonesia",Barbecue Bbq Or Grill Coal
May-13-21,UnitedKingdom,Barbecue Bbq Or Grill Coal
May-08-21,Jordan,Barbecue Bbq Or Grill Coal
May-01-21,SriLanka,Barbecue Bbq Or Grill Coal
May-01-21,UnitedArabEmirates,Barbecue Bbq Or Grill Coal
May-01-21,Oman,Barbecue Bbq Or Grill Coal
May-01-21,Australia,Barbecue Bbq Or Grill Coal
May-01-21,"Dhahran,Easternprovince,SaudiArabia",Barbecue Bbq Or Grill Coal
May-01-21,Cyprus,Barbecue Bbq Or Grill Coal
